relation,prop-specific,n_pairs
neg,0.00786388624604777,2
few,0.00786388624604777,2
no_evidence_neg,0.00786388624604777,2
